Tweet Id,Text,Name,Screen Name,UTC,Created At,Favorites,Retweets,Language,Client,Tweet Type,URLs,Hashtags,Mentions,Media Type,Media URLs,Unnamed: 16,Unnamed: 17
1482674329385340932,"RT @ThakorAshokOff1 : #PMO
#VoteForStrongDisabilityact
@AnandSerivce
@monicapurohit14
 @gyanendrapurohi
 We want strong disability act..
Deaf big suffer young girls and other  can't hearing so all deaf family  Must interpreter perfectly. add don't face two face. interpreter 
please request change RPWD",Ajit Singh,AjitSin35057332,2022-01-16T11:21:21.000Z,Sun Jan 16 11:21:21 +0000 2022,0,0,en,"<a href=""http://twitter.com/download/android"" rel=""nofollow"">Twitter for Android</a>",Retweet,,2,2,,,,
1482399110909280256,"RT @Pushpra42870006 : @narendramodi https://t.co/HoI1eSBUe5
We want strong disability act.  #PMOIndia #VoteForStrongDisabilityAct @AnandService @monicapurohit14
@gyanendrapurohi",Ajit Singh,AjitSin35057332,2022-01-15T17:07:44.000Z,Sat Jan 15 17:07:44 +0000 2022,0,0,en,"<a href=""http://twitter.com/download/android"" rel=""nofollow"">Twitter for Android</a>",Retweet,https://m.facebook.com/story.php?story_fbid=4524387824353236&id=100001018668226 ,2,4,,,,
1477935945466843138,@onlyfans_monica @itzmericostrong Your is will send call number video chat talk plz....,Ajit Singh,AjitSin35057332,2022-01-03T09:32:42.000Z,Mon Jan 03 09:32:42 +0000 2022,0,0,en,"<a href=""http://twitter.com/download/android"" rel=""nofollow"">Twitter for Android</a>",Reply,,0,2,,,,
1433716056145625089,"@ANI
@ABPNews 
@BBCBreaking 
@BBCWorld 
@cnnbrk 
@CNNnews18 
@DDNewslive 
@ishnews_tv 
@KanpurReporter 
@itvnews 
@SkyNews 
@PTI_News https://t.co/GUvdzHlHkU",Ajit Singh,AjitSin35057332,2021-09-03T08:58:39.000Z,Fri Sep 03 08:58:39 +0000 2021,0,0,und,"<a href=""http://twitter.com/download/android"" rel=""nofollow"">Twitter for Android</a>",Tweet,,0,12,photo,https://pbs.twimg.com/media/E-WVJguVUAUWk0_.jpg,,
1398262343847452678,"@reliance @jio 
₹299 24hours 15day
₹399 24hours 18day
₹499 24hours 2day
₹599 24hours 24day
₹699 24hours 26day
₹799 24hours 28day
₹899 24hours 30day
@Plz.......",Ajit Singh,AjitSin35057332,2021-05-28T12:58:15.000Z,Fri May 28 12:58:15 +0000 2021,0,0,en,"<a href=""http://twitter.com/download/android"" rel=""nofollow"">Twitter for Android</a>",Tweet,,0,3,,,,
1384751828139577348,@PiyushGoyal It's very good for god support power world first name boy right..,Ajit Singh,AjitSin35057332,2021-04-21T06:12:17.000Z,Wed Apr 21 06:12:17 +0000 2021,0,0,en,"<a href=""http://twitter.com/download/android"" rel=""nofollow"">Twitter for Android</a>",Reply,,0,1,,,,
1323693739907362816,"#stoprape
#dontrape 
#justicefordeafgirl
#बलात्कारिकोकड़ीसजादो
#बलात्काररोको https://t.co/BPW0lhsU9L",Ajit Singh,AjitSin35057332,2020-11-03T18:29:15.000Z,Tue Nov 03 18:29:15 +0000 2020,2,1,und,"<a href=""http://twitter.com/download/android"" rel=""nofollow"">Twitter for Android</a>",Tweet,,5,0,photo,https://pbs.twimg.com/media/El60b1nVMAI4xyw.jpg,,
1314490708028342272,@ANI It's very good....,Ajit Singh,AjitSin35057332,2020-10-09T08:59:41.000Z,Fri Oct 09 08:59:41 +0000 2020,0,0,en,"<a href=""http://twitter.com/download/android"" rel=""nofollow"">Twitter for Android</a>",Reply,,0,1,,,,
1314490589145038848,@VasundharaTankh It's feel helps to old very age for food busy beautiful good..🤩🥰😘😍🤗🤗🙏🙏,Ajit Singh,AjitSin35057332,2020-10-09T08:59:13.000Z,Fri Oct 09 08:59:13 +0000 2020,0,0,en,"<a href=""http://twitter.com/download/android"" rel=""nofollow"">Twitter for Android</a>",Reply,,0,1,,,,
1314488757387579398,"@shwetasinghkirt S.s.r sad very feeling that movie beautiful before was think me. Full oh me, the S.s.r support helps yes..at lovely it S.s.r good......",Ajit Singh,AjitSin35057332,2020-10-09T08:51:56.000Z,Fri Oct 09 08:51:56 +0000 2020,0,0,en,"<a href=""http://twitter.com/download/android"" rel=""nofollow"">Twitter for Android</a>",Reply,,0,1,,,,
1307340038066204682,"@KanganaTeam @kanganaTeam 
It's don't need Bollywood for tollywood doing movie need what? 😊😊🤝👍",Ajit Singh,AjitSin35057332,2020-09-19T15:25:28.000Z,Sat Sep 19 15:25:28 +0000 2020,0,0,en,"<a href=""http://twitter.com/download/android"" rel=""nofollow"">Twitter for Android</a>",Reply,,0,2,,,,
1307338432004288514,"@manakgupta @kannaujpolice @Uppolice It's police angry what? Full boys foot one walk feeling, police don't think next useless..🤦‍♂️🤦‍♂️🤦‍♂️",Ajit Singh,AjitSin35057332,2020-09-19T15:19:06.000Z,Sat Sep 19 15:19:06 +0000 2020,0,0,en,"<a href=""http://twitter.com/download/android"" rel=""nofollow"">Twitter for Android</a>",Reply,,0,3,,,,
1304311452581289985,@KanganaTeam It's small beautiful good 😊😊🤩🤩👍👍,Ajit Singh,AjitSin35057332,2020-09-11T06:50:57.000Z,Fri Sep 11 06:50:57 +0000 2020,0,0,en,"<a href=""http://twitter.com/download/android"" rel=""nofollow"">Twitter for Android</a>",Reply,,0,1,,,,
1303750400105877505,@KanganaTeam @Fazilpuria It's veer tell right 🤝👍💪💪,Ajit Singh,AjitSin35057332,2020-09-09T17:41:32.000Z,Wed Sep 09 17:41:32 +0000 2020,1,0,en,"<a href=""http://twitter.com/download/android"" rel=""nofollow"">Twitter for Android</a>",Reply,,0,2,,,,
1303750179271499776,@Fazilpuria @KanganaTeam It's tell right for me support @kanganaranaut😊🤝👍,Ajit Singh,AjitSin35057332,2020-09-09T17:40:39.000Z,Wed Sep 09 17:40:39 +0000 2020,0,0,en,"<a href=""http://twitter.com/download/android"" rel=""nofollow"">Twitter for Android</a>",Reply,,0,3,,,,
1303589119839281152,@akshaykumar @BergerPaintsInd Happy birthday to @akshaykumar🎂🍰👏🤩🎻👍🤝,Ajit Singh,AjitSin35057332,2020-09-09T07:00:40.000Z,Wed Sep 09 07:00:40 +0000 2020,0,0,en,"<a href=""http://twitter.com/download/android"" rel=""nofollow"">Twitter for Android</a>",Reply,,0,3,,,,
1302944192419696640,"#justiceforjyoti 
@aajtak @ani @abpnews @pti_news @timesnow @timesofindian https://t.co/apNKxGnT9h",Ajit Singh,AjitSin35057332,2020-09-07T12:17:57.000Z,Mon Sep 07 12:17:57 +0000 2020,7,0,und,"<a href=""http://twitter.com/download/android"" rel=""nofollow"">Twitter for Android</a>",Tweet,,1,6,photo,https://pbs.twimg.com/media/EhT81QYUYAMdP4f.jpg,,
1302942198053265409,"RT @BadhirUttar : This is about RAPE of a 10 year old Deaf girl Jyoti.She is India’s daughter.this is crime against humanity
#Justiceforjyoti                            @PMOIndia @MSJEGOI @india_nad @cmohry @MSJEGOI @IndiaToday @aajtak https://t.co/EVhRGQBgsI",Ajit Singh,AjitSin35057332,2020-09-07T12:10:02.000Z,Mon Sep 07 12:10:02 +0000 2020,0,0,en,"<a href=""http://twitter.com/download/android"" rel=""nofollow"">Twitter for Android</a>",Retweet,,1,7,photo,https://pbs.twimg.com/media/EhTi-jbUwAEBRCD.jpg,,
1302547280503828480,@KanganaTeam Me is very sad rap for beautiful  good ssr..! It is Indian with world see in Twitter video send tell tell right thumbs......👏👏👏👏,Ajit Singh,AjitSin35057332,2020-09-06T10:00:46.000Z,Sun Sep 06 10:00:46 +0000 2020,0,0,en,"<a href=""http://twitter.com/download/android"" rel=""nofollow"">Twitter for Android</a>",Reply,,0,1,,,,
1288526554813743104,"@narendramodi Thank you sir so much , you sir dear very good thumbs..🙏🙏😊",Ajit Singh,AjitSin35057332,2020-07-29T17:27:24.000Z,Wed Jul 29 17:27:24 +0000 2020,0,0,en,"<a href=""http://twitter.com/download/android"" rel=""nofollow"">Twitter for Android</a>",Reply,,0,1,,,,
1288497661486624768,"RT @narendramodi : Respecting the spirit ‘Ek Bharat Shreshtha Bharat’, the NEP 2020 includes systems to promote Indian languages, including Sanskrit. Many foreign languages will also be offered at the secondary level. 

Indian Sign Language (ISL) will be standardised across the country.",Ajit Singh,AjitSin35057332,2020-07-29T15:32:36.000Z,Wed Jul 29 15:32:36 +0000 2020,0,0,en,"<a href=""http://twitter.com/download/android"" rel=""nofollow"">Twitter for Android</a>",Retweet,,0,0,,,,
1284009141191622656,@LaGravitea Wow!! Beautiful dance very good thumbs.....,Ajit Singh,AjitSin35057332,2020-07-17T06:16:49.000Z,Fri Jul 17 06:16:49 +0000 2020,0,0,en,"<a href=""http://twitter.com/download/android"" rel=""nofollow"">Twitter for Android</a>",Reply,,0,1,,,,
1281264344064389120,@aliaa08 Alia bhatt lie very yes.... at wise old boys or girls group movie for boys or girls news movie about why? It's Bollywood useless ok? Me feeling very beautiful good lovely sashant  Singh rajput 💐💐😔😔😥😥🙏🙏,Ajit Singh,AjitSin35057332,2020-07-09T16:29:59.000Z,Thu Jul 09 16:29:59 +0000 2020,0,0,en,"<a href=""http://twitter.com/download/android"" rel=""nofollow"">Twitter for Android</a>",Reply,,0,1,,,,
1279660552680165376,"@bstvlive लखनऊ और कानपुर दोनों हमला: तोड़ा गया विकास दुबे का घर, मुखबिरी के आरोपी SO पर भी कार्रवाई",Ajit Singh,AjitSin35057332,2020-07-05T06:17:05.000Z,Sun Jul 05 06:17:05 +0000 2020,0,0,hi,"<a href=""http://twitter.com/download/android"" rel=""nofollow"">Twitter for Android</a>",Reply,,0,1,,,,
1267340843049861121,https://t.co/xc4xng88XK,Ajit Singh,AjitSin35057332,2020-06-01T06:22:57.000Z,Mon Jun 01 06:22:57 +0000 2020,0,0,und,"<a href=""http://twitter.com/download/android"" rel=""nofollow"">Twitter for Android</a>",Tweet,,0,0,photo,https://pbs.twimg.com/media/EZZ_xI4WsAAQAuy.jpg,,
1267001629372551168,"@BadhirUttar 
@cmofficeup @myogiadityanath @dsdcmofficeup @UPGovt @pmindia @Narendramodi @ANInewsUP 
@yadindia

#DeafAccessibility 
#RighttoAccessibilitylanguage
#interpretersonNewsChannels
#accesstodailynewswithsignlanguageinterpreters. https://t.co/ttha6EIuDF https://t.co/kZefALBopt",Ajit Singh,AjitSin35057332,2020-05-31T07:55:02.000Z,Sun May 31 07:55:02 +0000 2020,1,0,und,"<a href=""http://twitter.com/download/android"" rel=""nofollow"">Twitter for Android</a>",Tweet,,4,8,photo,https://pbs.twimg.com/media/EZVLPx7WkAAWLi6.jpg,https://pbs.twimg.com/media/EZU_BKQWAAAHWMp.jpg,
1266962966210990080,"Deaf Community Demand #AccessibilityUttarPradesh
Chief Minister of Uttar Pradesh
Include #Indiansignlanguageinterpreter on TV CHANNELS.. 
PMO India
Narendramodi
Support modi
NarendramodiNamo
CMYoga
Uttar Pradesh Baddhir Federation
Dws Gorakhpur https://t.co/tmCyewdYew",Ajit Singh,AjitSin35057332,2020-05-31T05:21:24.000Z,Sun May 31 05:21:24 +0000 2020,2,0,en,"<a href=""http://twitter.com/download/android"" rel=""nofollow"">Twitter for Android</a>",Tweet,,2,0,photo,https://pbs.twimg.com/media/EZUoFSXWsAA_ux0.jpg,,
1265641078914453506,"RT @BadhirUttar : @cmofficeup @myogiadityanath @dsdcmofficeup @UPGovt @pmoIndia @Narendramodi @MSJE_AIC  @MSJEGOI @ANINewsUP @aajtak  @IndiatodayNews1
 
#DeafAccessibility 
#RighttoAccessiblelanguage
#InterpretersonNewsChannels
#AccesstodailynewswithsignlanguageInterpreters",Ajit Singh,AjitSin35057332,2020-05-27T13:48:42.000Z,Wed May 27 13:48:42 +0000 2020,0,0,und,"<a href=""http://twitter.com/download/android"" rel=""nofollow"">Twitter for Android</a>",Retweet,,4,10,,,,
1265552630656483330,https://t.co/ULf03yN1zp,Ajit Singh,AjitSin35057332,2020-05-27T07:57:14.000Z,Wed May 27 07:57:14 +0000 2020,0,0,und,"<a href=""http://twitter.com/download/android"" rel=""nofollow"">Twitter for Android</a>",Tweet,https://www.facebook.com/100002231930621/posts/2999644386786596/?sfnsn=scwshmo&extid=tv9IIR0ZoUePTGr2 ,0,0,,,,
1265222117911433217,https://t.co/ADZ2Ze6C06,Ajit Singh,AjitSin35057332,2020-05-26T10:03:54.000Z,Tue May 26 10:03:54 +0000 2020,0,0,und,"<a href=""http://twitter.com/download/android"" rel=""nofollow"">Twitter for Android</a>",Tweet,https://m.facebook.com/watchparty/855476198281518/ ,0,0,,,,
1264908975507681282,"l am Wnats Indian Sign Language to be 23rd Government Official Language... 
@PMOIndia @narendramodi @AmitShah @TcGehlotOffice @MSJEGOI @socialpwds @ncpedp_india @MSJE_AIC @disabilitycomm @india_nad @yadindia @accessmantra
#IndianDeaf #Accessibility #IndianSignLanguage23 #ISL23 https://t.co/kZNcavf3Wt",Ajit Singh,AjitSin35057332,2020-05-25T13:19:35.000Z,Mon May 25 13:19:35 +0000 2020,3,0,en,"<a href=""http://twitter.com/download/android"" rel=""nofollow"">Twitter for Android</a>",Tweet,,4,12,photo,https://pbs.twimg.com/media/EY3b_tJWoAAsUYd.jpg,,
1264904888506605569,@drag_org @alimchandani @socialpwds @PIBHomeAffairs @ncpedp_india @india_nad Thank you!! Isl23🙏🙏,Ajit Singh,AjitSin35057332,2020-05-25T13:03:20.000Z,Mon May 25 13:03:20 +0000 2020,1,1,en,"<a href=""http://twitter.com/download/android"" rel=""nofollow"">Twitter for Android</a>",Reply,,0,6,,,,
1264904419700768769,@hkansal86 does it again!! Thank you! #isl23now https://t.co/T9cFMLpzaX,Ajit Singh,AjitSin35057332,2020-05-25T13:01:29.000Z,Mon May 25 13:01:29 +0000 2020,4,0,en,"<a href=""http://twitter.com/download/android"" rel=""nofollow"">Twitter for Android</a>",Tweet,,1,0,photo,https://pbs.twimg.com/media/EY3Xy-QWkAYcwVH.jpg,https://pbs.twimg.com/media/EY3X0frWoAArumd.jpg,https://pbs.twimg.com/media/EY3X2BbWsAApuaQ.jpg
1264607265488809987,"RT @nikitasharma283 : 18 million Deaf people in India. Their first is language in Indian Sign Language. I want it 23rd Official language in India. #ISLOfficialLanguage
https://t.co/e6XAnDqVJJ",Ajit Singh,AjitSin35057332,2020-05-24T17:20:42.000Z,Sun May 24 17:20:42 +0000 2020,0,0,en,"<a href=""http://twitter.com/download/android"" rel=""nofollow"">Twitter for Android</a>",Retweet,https://www.change.org/p/ministry-of-home-affairs-pibhomeaffairs-demand-to-include-indian-sign-language-in-the-eighth-schedule-of-the-indian-constitution-amitshah?recruiter=901399743&utm_source=share_petition&utm_campaign=petition_show&utm_medium=whatsapp&recruited_by_id=4b9f8a50-bfdb-11e8-b17e-af49f6464782 ,1,0,,,,
1264470715698470912,https://t.co/IEksaFKZ8M,Ajit Singh,AjitSin35057332,2020-05-24T08:18:06.000Z,Sun May 24 08:18:06 +0000 2020,1,0,und,"<a href=""http://twitter.com/download/android"" rel=""nofollow"">Twitter for Android</a>",Tweet,https://www.facebook.com/819736761387920/posts/3680377851990449/?sfnsn=scwshmo&extid=Wk3NzJvVdVNOYRe6&d=n&vh=e ,0,0,,,,
1264254824415182854,"Meera C. Bhatia is not authentic interpreter
#fakeInterpreter #BadQuality #SignLanguage Very sad to see this.. Change the Interpreter NOW !!! @SaiSwayam9 @ddnewskohima @ANI @akshaykumar @socialpwds @nipunmalhotra @india_nad @DDNewslive @narendramodi @SahasrabudheS @MIB_India https://t.co/EiADHuC73m",Ajit Singh,AjitSin35057332,2020-05-23T18:00:13.000Z,Sat May 23 18:00:13 +0000 2020,0,0,en,"<a href=""http://twitter.com/download/android"" rel=""nofollow"">Twitter for Android</a>",Tweet,,3,11,photo,https://pbs.twimg.com/media/EYuJDJjX0AMdKCS.jpg,,
1264252191252066306,"#DSMNRU
#AccessibilityforDeaf 
#IndianSignLanguage
#COVIDー19 @WHO
@PMOIndia @narendramodi 
@UPGovt  @myogiadityanath 
@dsmru_lko
@yadindia 
@accessmantra 
@india_nad 
@socialpwds
@uttarpradesh
 https://t.co/ohmzlphf3F https://t.co/mfAbChfXfO",Ajit Singh,AjitSin35057332,2020-05-23T17:49:45.000Z,Sat May 23 17:49:45 +0000 2020,2,0,und,"<a href=""http://twitter.com/download/android"" rel=""nofollow"">Twitter for Android</a>",Tweet,https://twitter.com/AjitSin35057332/status/1264250795375165440/photo/1 ,4,11,photo,https://pbs.twimg.com/media/EYuGoo8X0AA4AS9.jpg,https://pbs.twimg.com/media/EYuGp40XQAAEj3v.jpg,https://pbs.twimg.com/media/EYuGqGsXsAEZdMD.jpg
1263766090921975808,"Deaf community Demand #Accessibility. Include #Indiansignlanguageinterpreter on TV channels.
@PMOIndia
@narendramodi 
@AmitShah 
@vijayrupanibjp 
@CMOGuj 
@IshwarParmarMLA
@MSJEGOI 
@MIB_India 
@tv9gujarati 
@etvgujarati1 
@abpasmitatv 
@AGBVS_GUJ https://t.co/yy072hcWFR https://t.co/i8VX9abhc9",Ajit Singh,AjitSin35057332,2020-05-22T09:38:10.000Z,Fri May 22 09:38:10 +0000 2020,0,0,en,"<a href=""http://twitter.com/download/android"" rel=""nofollow"">Twitter for Android</a>",Tweet,https://twitter.com/Tusharviradiya/status/1262965782461517826/photo/1 ,2,12,photo,https://pbs.twimg.com/media/EYnMitpWkAEPPEi.jpg,https://pbs.twimg.com/media/EYnMjgTXYAEEyI1.jpg,
1262784457737752577,"@ChangeOrg_India @DDNewslive .
@DDNewslive
 
@PrakashJavdekar
 : Replace Substandard Quality of Sign Language Interpreters on TV News Channels NOW #ReplaceInterpretersNow - Sign the Petition! https://t.co/AeI5mkXbzg via 
@ChangeOrg_India",Ajit Singh,AjitSin35057332,2020-05-19T16:37:30.000Z,Tue May 19 16:37:30 +0000 2020,3,1,en,"<a href=""http://twitter.com/download/android"" rel=""nofollow"">Twitter for Android</a>",Reply,http://chng.it/twKqFDsK ,1,5,,,,
1262656966024933377,"@AmarUjalaNews *I am a deaf person of uattar Pradesh, Indian I can't hear you!! Where is the # accessibility for deaf??? We are more than 10 lakh deaf people.. where is the # Interperter for us to understand your @cmo @uddhavthackeray speech???*",Ajit Singh,AjitSin35057332,2020-05-19T08:10:54.000Z,Tue May 19 08:10:54 +0000 2020,0,0,en,"<a href=""http://twitter.com/download/android"" rel=""nofollow"">Twitter for Android</a>",Reply,,0,3,,,,
1262656924736204801,"@ANINewsUP *I am a deaf person of uattar Pradesh, Indian I can't hear you!! Where is the # accessibility for deaf??? We are more than 10 lakh deaf people.. where is the # Interperter for us to understand your @cmo @uddhavthackeray speech???*",Ajit Singh,AjitSin35057332,2020-05-19T08:10:44.000Z,Tue May 19 08:10:44 +0000 2020,0,0,en,"<a href=""http://twitter.com/download/android"" rel=""nofollow"">Twitter for Android</a>",Reply,,0,3,,,,
1262656756628574208,"@MirrorNow @MirFareed2 *I am a deaf person of uattar Pradesh, Indian I can't hear you!! Where is the # accessibility for deaf??? We are more than 10 lakh deaf people.. where is the # Interperter for us to understand your @cmo @uddhavthackeray speech???*",Ajit Singh,AjitSin35057332,2020-05-19T08:10:04.000Z,Tue May 19 08:10:04 +0000 2020,0,0,en,"<a href=""http://twitter.com/download/android"" rel=""nofollow"">Twitter for Android</a>",Reply,,0,4,,,,
1262656657064108034,"@Patrkaramit @Uppolice @dgpup @adgzonekanpur @igrangekanpur @kanpurnagarpol *I am a deaf person of uattar Pradesh, Indian I can't hear you!! Where is the # accessibility for deaf??? We are more than 10 lakh deaf people.. where is the # Interperter for us to understand your @cmo @uddhavthackeray speech???*",Ajit Singh,AjitSin35057332,2020-05-19T08:09:40.000Z,Tue May 19 08:09:40 +0000 2020,0,0,en,"<a href=""http://twitter.com/download/android"" rel=""nofollow"">Twitter for Android</a>",Reply,,0,8,,,,
1262656214791532544,"@BJP4UP *I am a deaf person of uattar Pradesh, Indian I can't hear you!! Where is the # accessibility for deaf??? We are more than 10 lakh deaf people.. where is the # Interperter for us to understand your @cmo @uddhavthackeray speech???*",Ajit Singh,AjitSin35057332,2020-05-19T08:07:55.000Z,Tue May 19 08:07:55 +0000 2020,0,0,en,"<a href=""http://twitter.com/download/android"" rel=""nofollow"">Twitter for Android</a>",Reply,,0,3,,,,
1262656140355272705,"@CNNnews18 @SiddiquiMaha *I am a deaf person of uattar Pradesh, Indian I can't hear you!! Where is the # accessibility for deaf??? We are more than 10 lakh deaf people.. where is the # Interperter for us to understand your @cmo @uddhavthackeray speech???*",Ajit Singh,AjitSin35057332,2020-05-19T08:07:37.000Z,Tue May 19 08:07:37 +0000 2020,1,0,en,"<a href=""http://twitter.com/download/android"" rel=""nofollow"">Twitter for Android</a>",Reply,,0,4,,,,
1262656105374760960,"@aajtak @nehabatham03 @MinakshiKandwal *I am a deaf person of uattar Pradesh, Indian I can't hear you!! Where is the # accessibility for deaf??? We are more than 10 lakh deaf people.. where is the # Interperter for us to understand your @cmo @uddhavthackeray speech???*",Ajit Singh,AjitSin35057332,2020-05-19T08:07:29.000Z,Tue May 19 08:07:29 +0000 2020,0,0,en,"<a href=""http://twitter.com/download/android"" rel=""nofollow"">Twitter for Android</a>",Reply,,0,5,,,,
1262656026530271232,"@timesofindia *I am a deaf person of uattar Pradesh, Indian I can't hear you!! Where is the # accessibility for deaf??? We are more than 10 lakh deaf people.. where is the # Interperter for us to understand your @cmo @uddhavthackeray speech???*",Ajit Singh,AjitSin35057332,2020-05-19T08:07:10.000Z,Tue May 19 08:07:10 +0000 2020,0,0,en,"<a href=""http://twitter.com/download/android"" rel=""nofollow"">Twitter for Android</a>",Reply,,0,3,,,,
1262655809911025664,"@ndtv *I am a deaf person of uattar Pradesh, Indian I can't hear you!! Where is the # accessibility for deaf??? We are more than 10 lakh deaf people.. where is the # Interperter for us to understand your @cmo @uddhavthackeray speech???*",Ajit Singh,AjitSin35057332,2020-05-19T08:06:18.000Z,Tue May 19 08:06:18 +0000 2020,0,0,en,"<a href=""http://twitter.com/download/android"" rel=""nofollow"">Twitter for Android</a>",Reply,,0,3,,,,
1262638663634235394,*I am a deaf person of Maharashtra... I can't hear you!! Where is the # accessibility for deaf??? We are more than 10 lakh deaf people.. where is the # Interperter for us to understand your @cmo @uddhavthackeray speech???* https://t.co/6fgF4fym4i,Ajit Singh,AjitSin35057332,2020-05-19T06:58:10.000Z,Tue May 19 06:58:10 +0000 2020,3,0,en,"<a href=""http://twitter.com/download/android"" rel=""nofollow"">Twitter for Android</a>",Tweet,,0,2,photo,https://pbs.twimg.com/media/EYXLKO7WsAEfdWE.jpg,https://pbs.twimg.com/media/EYXLK-QXQAAhjcD.jpg,
1262066575290494978,@bstvlive @dmbareilly @Uppolice It's small age low at police worng..,Ajit Singh,AjitSin35057332,2020-05-17T17:04:54.000Z,Sun May 17 17:04:54 +0000 2020,0,0,en,"<a href=""http://twitter.com/download/android"" rel=""nofollow"">Twitter for Android</a>",Reply,,0,3,,,,
1260279606969597954,"@PMOIndia Sign Language Interpreting  on DDINDIALIVE is VERY BAD!!! Change inept interpreters with qualified and professional interpreters NOW!!!
@narendramodi @PMOIndia @yadindia @MSJEGOI @MSJE_AIC @COVIDNewsByMIB @AmitShah @MIB_India @DDNewslive @DDNational @FakeInterpreter https://t.co/mDaWkiN65n",Ajit Singh,AjitSin35057332,2020-05-12T18:44:07.000Z,Tue May 12 18:44:07 +0000 2020,0,0,en,"<a href=""http://twitter.com/download/android"" rel=""nofollow"">Twitter for Android</a>",Tweet,,0,12,photo,https://pbs.twimg.com/media/EX1pnXxWsAEv-V1.jpg,,
1260279403189321731,RT @Himanshu_875 : Forward this! Share it! https://t.co/MW7hBXWB9E,Ajit Singh,AjitSin35057332,2020-05-12T18:43:19.000Z,Tue May 12 18:43:19 +0000 2020,0,0,en,"<a href=""http://twitter.com/download/android"" rel=""nofollow"">Twitter for Android</a>",Retweet,https://twitter.com/sladmh/status/1260251080027303936 ,0,0,,,,
1260262751387242497,DD INDIAN #Fakeinterpreter#Bad quality#Signlanguage very bad to see this... Change the interpretation now!!,Ajit Singh,AjitSin35057332,2020-05-12T17:37:09.000Z,Tue May 12 17:37:09 +0000 2020,1,0,en,"<a href=""http://twitter.com/download/android"" rel=""nofollow"">Twitter for Android</a>",Tweet,,0,0,,,,
1260257972988542976,@india_nad @PMOIndia @narendramodi @HomeAffairsMin @MoHFW_INDIA @MIB_India @MSJEGOI @MSJE_AIC @socialpwds @DDNational @DDIndialive @wfdeaf1 @ncpedp_india She don't understand tv sign language..,Ajit Singh,AjitSin35057332,2020-05-12T17:18:09.000Z,Tue May 12 17:18:09 +0000 2020,0,0,en,"<a href=""http://twitter.com/download/android"" rel=""nofollow"">Twitter for Android</a>",Reply,,0,13,,,,
1257369228245716995,"Covid-19 Indian in English sharab ki shop worng or stop. And Indian full English sharab ki shop close key last, It is Indian into stry home plz.... https://t.co/u3LWToeUYR",Ajit Singh,AjitSin35057332,2020-05-04T17:59:19.000Z,Mon May 04 17:59:19 +0000 2020,0,0,en,"<a href=""http://twitter.com/download/android"" rel=""nofollow"">Twitter for Android</a>",Tweet,,0,0,photo,https://pbs.twimg.com/media/EXMSpgrXkAAwfkN.jpg,,
1250322486870175748,Topic- ajitwork #ISLnumberstory #accessMantra 🤩😀🤪😋👍👏 https://t.co/MqOuPl90vU,Ajit Singh,AjitSin35057332,2020-04-15T07:18:05.000Z,Wed Apr 15 07:18:05 +0000 2020,0,0,en,"<a href=""http://twitter.com/download/android"" rel=""nofollow"">Twitter for Android</a>",Tweet,,2,0,video,https://video.twimg.com/ext_tw_video/1250322216857681921/pu/pl/Oj7z_240AzUcGBC-.m3u8?tag=10,,
1249004959904878592,"A challenge 1 to 10 story. Scooter or bike, pocile  #ISL123story #ISLnumberstory #indianSignLanguage Yo Ajit Singh YO 😅🤣🤣🤩👍 https://t.co/IHggOMWgCY",Ajit Singh,AjitSin35057332,2020-04-11T16:02:42.000Z,Sat Apr 11 16:02:42 +0000 2020,1,0,en,"<a href=""http://twitter.com/download/android"" rel=""nofollow"">Twitter for Android</a>",Tweet,,3,0,video,https://video.twimg.com/ext_tw_video/1249004322358095873/pu/pl/0wpkEEuOJr0N1PcY.m3u8?tag=10,,
1213889869430177792,@kanpurnagarpol @kanpurSamachar0 @Uppolice @adgzonekanpur @igrangekanpur Me see feeling at it police all poor help good right 😊😊,Ajit Singh,AjitSin35057332,2020-01-05T18:27:52.000Z,Sun Jan 05 18:27:52 +0000 2020,0,0,en,"<a href=""http://twitter.com/download/android"" rel=""nofollow"">Twitter for Android</a>",Reply,,0,5,,,,
1200320339059724289,"Why the next government must  make investing in new teachers of the deaf a priority 
#indiansignlanguageinschools https://t.co/pNRsCH4Kd9",Ajit Singh,AjitSin35057332,2019-11-29T07:47:24.000Z,Fri Nov 29 07:47:24 +0000 2019,7,1,en,"<a href=""http://twitter.com/download/android"" rel=""nofollow"">Twitter for Android</a>",Tweet,,1,0,photo,https://pbs.twimg.com/media/EKhk_HZVUAAZGyv.jpg,,
1197784650380271616,"I SUPPORT 
#SIGNLANGUAGEINSCHOOLS 
#INDIANSIGNLANGUAGEINSCHOOLS
@Indian@uttrapradesh@Narendramodi@cmyogiadityanth@minister_edu@hrdministry@msjegoi@yasmministry @accessmantra@amitabhbachchan
Check out Jana Gana Mana in Sign Language on Hotstar! https://t.co/8KyRBigtao",Ajit Singh,AjitSin35057332,2019-11-22T07:51:29.000Z,Fri Nov 22 07:51:29 +0000 2019,8,0,en,"<a href=""http://twitter.com/download/android"" rel=""nofollow"">Twitter for Android</a>",Tweet,https://www.hotstar.com/1000076563 ,2,0,,,,
1197772376337010694,"#signlanguageinsongs
#indianinlyricssongs
#signlanguageinschools
#indiansignlanguageinschools https://t.co/aFGUvAgfWq",Ajit Singh,AjitSin35057332,2019-11-22T07:02:42.000Z,Fri Nov 22 07:02:42 +0000 2019,9,0,und,"<a href=""http://twitter.com/download/android"" rel=""nofollow"">Twitter for Android</a>",Tweet,https://www.hotstar.com/in/the-stars-sign-language/1000076562 ,4,0,,,,
1196982065155067906,"WE MUST SUPPORT 
# SIGN LANGUAGE IN SCHOOLS 
# INDIAN SIGN LANGUAGE IN SCHOOLS https://t.co/oL7GLyK2kC",Ajit Singh,AjitSin35057332,2019-11-20T02:42:17.000Z,Wed Nov 20 02:42:17 +0000 2019,8,0,en,"<a href=""http://twitter.com/download/android"" rel=""nofollow"">Twitter for Android</a>",Tweet,,0,0,video,https://video.twimg.com/ext_tw_video/1196981845398716416/pu/pl/e9xdpeET6aoDx830.m3u8?tag=10,,
1196101597622751233,"# I SUPPORT 
#signlanguageinschools 
#indiansignlanguageinschools 
@narendramodi
@cmyogiadityanath
@minister_edu
@hrdministry
@msjegoi
@yasministry
@accessmantra https://t.co/QXzNcaHVV7",Ajit Singh,AjitSin35057332,2019-11-17T16:23:38.000Z,Sun Nov 17 16:23:38 +0000 2019,32,2,en,"<a href=""http://twitter.com/download/android"" rel=""nofollow"">Twitter for Android</a>",Tweet,,2,6,photo,https://pbs.twimg.com/media/EJloDkuUcAAXYgp.jpg,,
