Tweet Id,Text,Name,Screen Name,UTC,Created At,Favorites,Retweets,Language,Client,Tweet Type,URLs,Hashtags,Mentions,Media Type,Media URLs,Unnamed: 16,Unnamed: 17,Unnamed: 18
1526609449632165888,@narendramodi Congratulations India team Deaf 🇮🇳🇮🇳,Alok Mishra Deaf 🇮🇳,alokdeaf143,2022-05-17T17:03:50.000Z,Tue May 17 17:03:50 +0000 2022,1,0,en,"<a href=""http://twitter.com/download/android"" rel=""nofollow"">Twitter for Android</a>",Reply,,0,1,,,,,
1525796247981871104,@SunnyLeone Happy Birthday to you @SunnyLeone 🥳🥳🎂🎂💜,Alok Mishra Deaf 🇮🇳,alokdeaf143,2022-05-15T11:12:28.000Z,Sun May 15 11:12:28 +0000 2022,3,0,en,"<a href=""http://twitter.com/download/android"" rel=""nofollow"">Twitter for Android</a>",Reply,,0,2,,,,,
1525794242412838912,@narendramodi Congratulations India team Proud 🇮🇳,Alok Mishra Deaf 🇮🇳,alokdeaf143,2022-05-15T11:04:29.000Z,Sun May 15 11:04:29 +0000 2022,1,0,en,"<a href=""http://twitter.com/download/android"" rel=""nofollow"">Twitter for Android</a>",Reply,,0,1,,,,,
1517180237750370304,@Media_SAI @PMOIndia @ianuragthakur @NisithPramanik @YASMinistry @IndiaSports @DeafSportsIndia @DDNewslive @ddsportschannel @GoongaPahalwan @DikshaDagar Congratulations india team best 🇮🇳,Alok Mishra Deaf 🇮🇳,alokdeaf143,2022-04-21T16:35:31.000Z,Thu Apr 21 16:35:31 +0000 2022,5,0,en,"<a href=""http://twitter.com/download/android"" rel=""nofollow"">Twitter for Android</a>",Reply,,0,11,,,,,
1469269654065401858,"RT @socialpwds : What can persons with disabilities do if incase they are not satisfied with the decision of the medical authority? 
#locomotordisability #musculardisability #dwarfism #acidattack #leprocy #cerebralpalsy #hearingimpairment #visualimpairment #intellectualdisability #blooddisorder https://t.co/RKMqwartzO",Alok Mishra Deaf 🇮🇳,alokdeaf143,2021-12-10T11:35:57.000Z,Fri Dec 10 11:35:57 +0000 2021,0,0,en,"<a href=""http://twitter.com/download/android"" rel=""nofollow"">Twitter for Android</a>",Retweet,,10,0,video,https://video.twimg.com/ext_tw_video/1469259078379532288/pu/vid/720x406/xHh0abgYKq5PWe9W.mp4?tag=12,,,
1464287216641871874,"RT @islrtc : Students participated in discussion on Fundamental rights and duties using Indian  Sign Language on Constitution Day . 
@socialpwds @Drvirendrakum13 https://t.co/3VRqu19ogu",Alok Mishra Deaf 🇮🇳,alokdeaf143,2021-11-26T17:37:32.000Z,Fri Nov 26 17:37:32 +0000 2021,0,0,en,"<a href=""http://twitter.com/download/android"" rel=""nofollow"">Twitter for Android</a>",Retweet,,0,2,video,https://video.twimg.com/ext_tw_video/1464170101167460353/pu/vid/640x360/Db7YNzTu78p6jKZb.mp4?tag=12,,,
1460869294141501440,"RT @socialpwds : Acting High Commissioner of Australia at New Delhi along with Prof Nathan Grills from University of Melborne met Hon'ble @Drvirendrakum13 today to review the progress &amp; implementation of the MoU signed between two countries for co-operation in disability sector.
@pib_MoSJE https://t.co/XsUGowXshQ",Alok Mishra Deaf 🇮🇳,alokdeaf143,2021-11-17T07:15:56.000Z,Wed Nov 17 07:15:56 +0000 2021,0,0,en,"<a href=""http://twitter.com/download/android"" rel=""nofollow"">Twitter for Android</a>",Retweet,,0,2,photo,https://pbs.twimg.com/media/FEX7Le_VQAEtzsL.jpg,https://pbs.twimg.com/media/FEX7L78VEAQPwB8.jpg,,
1458123999708426243,@rashtrapatibhvn Congratulations India best,Alok Mishra Deaf 🇮🇳,alokdeaf143,2021-11-09T17:27:06.000Z,Tue Nov 09 17:27:06 +0000 2021,2,0,en,"<a href=""http://twitter.com/download/android"" rel=""nofollow"">Twitter for Android</a>",Reply,,0,1,,,,,
1435471176390766592,"@MPADeaf @narendramodi @PMOIndia @EduMinOfIndia @MSJEGOI @socialpwds @IslrtcOfficial @ChouhanShivraj @CMMadhyaPradesh Thank you, @narendramodi @PMOIndia for including #ISL in education. #shikshakparv2021 #ShikshakParv @EduMinOfIndia @MSJEGOI @socialpwds @IslrtcOfficial",Alok Mishra Deaf 🇮🇳,alokdeaf143,2021-09-08T05:12:52.000Z,Wed Sep 08 05:12:52 +0000 2021,1,0,en,"<a href=""http://twitter.com/download/android"" rel=""nofollow"">Twitter for Android</a>",Reply,,3,13,,,,,
1435435016217976832,"@IslrtcOfficial @socialpwds @pib_MoSJE @Drvirendrakum13 @narendramodi Thank you, @PMOIndia @narendramodi for thinking about the deaf community and including #IndianSignLanguage in education. #shikshakparv2021 #ShikshakParv @EduMinOfIndia @MSJEGOI @socialpwds @IslrtcOfficial",Alok Mishra Deaf 🇮🇳,alokdeaf143,2021-09-08T02:49:11.000Z,Wed Sep 08 02:49:11 +0000 2021,2,0,en,"<a href=""http://twitter.com/download/android"" rel=""nofollow"">Twitter for Android</a>",Reply,,3,9,,,,,
1433664110491684874,"@MalikaHanda @capt_amarinder @iranasodhi @ANI @vijaylokapally @anumitsodhi @navgill82 Madam,chess best make deaf proud faith, 🇮🇳",Alok Mishra Deaf 🇮🇳,alokdeaf143,2021-09-03T05:32:14.000Z,Fri Sep 03 05:32:14 +0000 2021,0,0,en,"<a href=""http://twitter.com/download/android"" rel=""nofollow"">Twitter for Android</a>",Reply,,0,7,,,,,
1423243158775754754,"Congratulations to the Real Heroes of India 🇮🇳 Our Indian Men's Hockey Team, Today they made every Indian proud ❣️
#TokyoOlympics2020 #MensHockeyTeam",Alok Mishra Deaf 🇮🇳,alokdeaf143,2021-08-05T11:23:06.000Z,Thu Aug 05 11:23:06 +0000 2021,1,0,en,"<a href=""http://twitter.com/download/android"" rel=""nofollow"">Twitter for Android</a>",Tweet,,2,0,,,,,
1419815342273036293,"RT @JM_Scindia : आज कारगिल विजय दिवस का दिन हमारे उन जांबाज योद्धाओं को नमन करने का है, जिन्होंने मातृभूमि की रक्षा के लिए अपने प्राणों को न्यौछावर कर दिया था । राष्ट्र उनका सदा कृतज्ञ रहेगा| #KargilVijayDiwas",Alok Mishra Deaf 🇮🇳,alokdeaf143,2021-07-27T00:22:11.000Z,Tue Jul 27 00:22:11 +0000 2021,0,0,hi,"<a href=""http://twitter.com/download/android"" rel=""nofollow"">Twitter for Android</a>",Retweet,,1,0,,,,,
1418509790930558981,@Tokyo2020 @Olympics Happy sports all best world..🤟,Alok Mishra Deaf 🇮🇳,alokdeaf143,2021-07-23T09:54:23.000Z,Fri Jul 23 09:54:23 +0000 2021,0,0,en,"<a href=""http://twitter.com/download/android"" rel=""nofollow"">Twitter for Android</a>",Reply,,0,2,,,,,
1414179989969199110,@JM_Scindia @flyspicejet @MoCA_GoI Good ji.,Alok Mishra Deaf 🇮🇳,alokdeaf143,2021-07-11T11:09:18.000Z,Sun Jul 11 11:09:18 +0000 2021,0,0,en,"<a href=""http://twitter.com/download/android"" rel=""nofollow"">Twitter for Android</a>",Reply,,0,3,,,,,
1383053511848431619,@chitraaum 🙏,Alok Mishra Deaf 🇮🇳,alokdeaf143,2021-04-16T13:43:47.000Z,Fri Apr 16 13:43:47 +0000 2021,0,0,und,"<a href=""http://twitter.com/download/android"" rel=""nofollow"">Twitter for Android</a>",Reply,,0,1,,,,,
1351955516440735744,@VP 🇺🇸🇺🇸💐💐💐🇮🇳🇮🇳🤟,Alok Mishra Deaf 🇮🇳,alokdeaf143,2021-01-20T18:11:27.000Z,Wed Jan 20 18:11:27 +0000 2021,0,0,und,"<a href=""http://twitter.com/download/android"" rel=""nofollow"">Twitter for Android</a>",Reply,,0,1,,,,,
1328037700419551232,@JoeBiden @DrBiden #HappyDiwali2020 🇮🇳🇮🇳🙏🙏,Alok Mishra Deaf 🇮🇳,alokdeaf143,2020-11-15T18:10:36.000Z,Sun Nov 15 18:10:36 +0000 2020,2,0,und,"<a href=""http://twitter.com/download/android"" rel=""nofollow"">Twitter for Android</a>",Reply,,1,2,,,,,
1306656746690101249,@ShraddhaKapoor Happy Birthday Day  ji,Alok Mishra Deaf 🇮🇳,alokdeaf143,2020-09-17T18:10:19.000Z,Thu Sep 17 18:10:19 +0000 2020,1,0,en,"<a href=""http://twitter.com/download/android"" rel=""nofollow"">Twitter for Android</a>",Reply,,0,1,,,,,
1306655812098510848,@narendramodi @GotabayaR #PMmodibirthday Sir Happy Birthday Day.. greats.. ji..,Alok Mishra Deaf 🇮🇳,alokdeaf143,2020-09-17T18:06:36.000Z,Thu Sep 17 18:06:36 +0000 2020,1,0,en,"<a href=""http://twitter.com/download/android"" rel=""nofollow"">Twitter for Android</a>",Reply,,1,2,,,,,
1304413703412969472,@GoongaPahalwan @OPDhankar @KirenRijiju @realshooterdadi @Sangram_Sanjeet @IGeetaSharma @cop_anirudha @iSengarAjayy @iPrabhakarSP @Dikshapandey22 @iSinghDeepika @RekhaSharma1511 @dagarrambir_ Sir Congratulation..,Alok Mishra Deaf 🇮🇳,alokdeaf143,2020-09-11T13:37:16.000Z,Fri Sep 11 13:37:16 +0000 2020,1,0,en,"<a href=""http://twitter.com/download/android"" rel=""nofollow"">Twitter for Android</a>",Reply,,0,11,,,,,
1288782808836521986,"@TCGEHLOT Namaste, sir We happy ISL for hope Teach Education many Deaf sign Proud, we need full access to education in ISL 🇮🇳🇮🇳🙏🙏",Alok Mishra Deaf 🇮🇳,alokdeaf143,2020-07-30T10:25:40.000Z,Thu Jul 30 10:25:40 +0000 2020,0,0,en,"<a href=""http://twitter.com/download/android"" rel=""nofollow"">Twitter for Android</a>",Reply,,0,1,,,,,
1288125523462197253,"Bada.. @ Maharaj Bada, Gwalior https://t.co/bDV8SfDRJI",Alok Mishra Deaf 🇮🇳,alokdeaf143,2020-07-28T14:53:51.000Z,Tue Jul 28 14:53:51 +0000 2020,0,0,in,"<a href=""http://instagram.com"" rel=""nofollow"">Instagram</a>",Tweet,https://www.instagram.com/p/CDMHDCljpDz/?igshid=awh2skz07bxs ,0,0,,,,,
1286740451010256898,"I am happy for Birthday Day.. 🤟 my brother n sister 😍😍 @ Maharaj Bada, Gwalior https://t.co/kDeBveNDAE",Alok Mishra Deaf 🇮🇳,alokdeaf143,2020-07-24T19:10:04.000Z,Fri Jul 24 19:10:04 +0000 2020,0,0,en,"<a href=""http://instagram.com"" rel=""nofollow"">Instagram</a>",Tweet,https://www.instagram.com/p/CDCTrBwDWm8/?igshid=tjla3m04vvhy ,0,0,,,,,
1264727561981931520,@india_nad @indiatvnews India Sign Language @♡♡♡♡,Alok Mishra Deaf 🇮🇳,alokdeaf143,2020-05-25T01:18:42.000Z,Mon May 25 01:18:42 +0000 2020,2,0,pt,"<a href=""http://twitter.com/download/android"" rel=""nofollow"">Twitter for Android</a>",Reply,,0,2,,,,,
1264197480301854722,"@MPADeaf @PMOIndia @narendramodi @AmitShah @ChouhanShivraj @CMMadhyaPradesh @socialwelfaremp @MSJEGOI @MIB_India @DDMadhyaPradesh Deaf community Demand #Accessibility. Include #Indiansignlanguageinterpreter on TV channels.
@PMOIndia
@narendramodi
@AmitShah
@ChouhanShivraj
@CMMadhyaPradesh
@socialwelfaremp
@MSJEGOI
@MIB_India
@DDMadhyaPradesh
@MPADeaf",Alok Mishra Deaf 🇮🇳,alokdeaf143,2020-05-23T14:12:21.000Z,Sat May 23 14:12:21 +0000 2020,0,0,en,"<a href=""http://twitter.com/download/android"" rel=""nofollow"">Twitter for Android</a>",Reply,,2,20,,,,,
1263005057017974784,@narendramodi Sir good..,Alok Mishra Deaf 🇮🇳,alokdeaf143,2020-05-20T07:14:05.000Z,Wed May 20 07:14:05 +0000 2020,0,0,en,"<a href=""http://twitter.com/download/android"" rel=""nofollow"">Twitter for Android</a>",Reply,,0,1,,,,,
1260255013579837440,@india_nad @PMOIndia @narendramodi @HomeAffairsMin @MoHFW_INDIA @MIB_India @MSJEGOI @MSJE_AIC @socialpwds @DDNational @DDIndialive @wfdeaf1 @ncpedp_india #InappropriateAccess:DDIndia#2,Alok Mishra Deaf 🇮🇳,alokdeaf143,2020-05-12T17:06:24.000Z,Tue May 12 17:06:24 +0000 2020,0,0,en,"<a href=""http://twitter.com/download/android"" rel=""nofollow"">Twitter for Android</a>",Reply,,1,13,,,,,
1260254587593752577,@india_nad @PMOIndia @narendramodi @HomeAffairsMin @MoHFW_INDIA @MIB_India @MSJEGOI @MSJE_AIC @socialpwds @DDNational @DDIndialive @wfdeaf1 @ncpedp_india #InappropriateAccess:DDIndia#2,Alok Mishra Deaf 🇮🇳,alokdeaf143,2020-05-12T17:04:42.000Z,Tue May 12 17:04:42 +0000 2020,1,0,en,"<a href=""http://twitter.com/download/android"" rel=""nofollow"">Twitter for Android</a>",Reply,,1,13,,,,,
1260253176395108354,"#2:- She is incomplete&amp;unprofessional #InappropriateAccess:DDIndia#2
@PMOIndia @narendramodi @HomeAffairsMin @MoHFW_INDIA @MIB_India @MSJEGOI @MSJE_AIC @socialpwds @DDNational @DDIndialive @wfdeaf1 @ncpedp_india @india_nad https://t.co/Uu9RGK8WEY",Alok Mishra Deaf 🇮🇳,alokdeaf143,2020-05-12T16:59:06.000Z,Tue May 12 16:59:06 +0000 2020,1,0,en,"<a href=""http://twitter.com/download/android"" rel=""nofollow"">Twitter for Android</a>",Tweet,,1,13,photo,https://pbs.twimg.com/media/EX1Riz-WoAAQ7r5.jpg,,,
1257839466644987914,@drjosephjmurray Congratulations Sign Language..,Alok Mishra Deaf 🇮🇳,alokdeaf143,2020-05-06T01:07:53.000Z,Wed May 06 01:07:53 +0000 2020,1,0,en,"<a href=""http://twitter.com/download/android"" rel=""nofollow"">Twitter for Android</a>",Reply,,0,1,,,,,
1198959696587055105,"@AmitShah @HomeAffairsMin Demand to include Indian Sign Language (ISL) 8th Schedule of Indian Constitution-Table Amendment in Winter Session of Parliament.
#NADIndia #IndianSignLanguageasAnOfficialLanguageRecognition #IndianSignLanguage @TCGEHLOT @socialpwds @MSJEGOI @india_nad",Alok Mishra Deaf 🇮🇳,alokdeaf143,2019-11-25T13:40:41.000Z,Mon Nov 25 13:40:41 +0000 2019,2,0,en,"<a href=""http://twitter.com/download/android"" rel=""nofollow"">Twitter for Android</a>",Tweet,,3,6,,,,,
1197279290858950656,"#I am Deaf..
#supportDeafChildrenSchool🇮🇳🇮🇳 https://t.co/6hNgIiu8fC",Alok Mishra Deaf 🇮🇳,alokdeaf143,2019-11-20T22:23:21.000Z,Wed Nov 20 22:23:21 +0000 2019,2,0,cy,"<a href=""http://twitter.com/download/android"" rel=""nofollow"">Twitter for Android</a>",Tweet,,2,0,photo,https://pbs.twimg.com/media/EJ2XKF8UwAAMjP7.jpg,,,
1172554711917969408,"Deaf team Friendship, Gwalior MP https://t.co/awXtBv2wLf",Alok Mishra Deaf 🇮🇳,alokdeaf143,2019-09-13T16:56:42.000Z,Fri Sep 13 16:56:42 +0000 2019,1,0,en,"<a href=""http://twitter.com/download/android"" rel=""nofollow"">Twitter for Android</a>",Tweet,,0,0,photo,https://pbs.twimg.com/media/EEXASgRU8AEXWqY.jpg,,,
1159392624865755136,@JulieRems Good,Alok Mishra Deaf 🇮🇳,alokdeaf143,2019-08-08T09:15:16.000Z,Thu Aug 08 09:15:16 +0000 2019,0,0,en,"<a href=""http://twitter.com/download/android"" rel=""nofollow"">Twitter for Android</a>",Reply,,0,1,,,,,
1155077481004560384,Good https://t.co/jd6SVyA4DM,Alok Mishra Deaf 🇮🇳,alokdeaf143,2019-07-27T11:28:26.000Z,Sat Jul 27 11:28:26 +0000 2019,1,0,en,"<a href=""http://twitter.com/download/android"" rel=""nofollow"">Twitter for Android</a>",Tweet,https://twitter.com/Heiska74/status/1152277024179965952 ,0,0,,,,,
1155077422703734784,RT @BeingSalmanKhan : Posting the old fashioned way... https://t.co/yITahGNA3s,Alok Mishra Deaf 🇮🇳,alokdeaf143,2019-07-27T11:28:12.000Z,Sat Jul 27 11:28:12 +0000 2019,0,0,en,"<a href=""http://twitter.com/download/android"" rel=""nofollow"">Twitter for Android</a>",Retweet,,0,0,video,https://video.twimg.com/ext_tw_video/1152575278004097024/pu/vid/480x600/_7lBOcoseXkJGs-1.mp4?tag=10,,,
1155077277685702656,Congratulations https://t.co/eiAhebfBM9,Alok Mishra Deaf 🇮🇳,alokdeaf143,2019-07-27T11:27:37.000Z,Sat Jul 27 11:27:37 +0000 2019,0,0,en,"<a href=""http://twitter.com/download/android"" rel=""nofollow"">Twitter for Android</a>",Tweet,https://twitter.com/as_narayanan/status/1151433130185654275 ,0,0,,,,,
1155077224732643333,"RT @as_narayanan : I am going to Paris France today and back Delhi on 29th July 2019. I will attend for the World Federation of the Deaf workshop,General Assembly and Congress.",Alok Mishra Deaf 🇮🇳,alokdeaf143,2019-07-27T11:27:25.000Z,Sat Jul 27 11:27:25 +0000 2019,0,0,en,"<a href=""http://twitter.com/download/android"" rel=""nofollow"">Twitter for Android</a>",Retweet,,0,0,,,,,
1155077035061960710,"@as_narayanan Sir Done In France, WFD
Congratulations to ASN ji..",Alok Mishra Deaf 🇮🇳,alokdeaf143,2019-07-27T11:26:40.000Z,Sat Jul 27 11:26:40 +0000 2019,0,0,en,"<a href=""http://twitter.com/download/android"" rel=""nofollow"">Twitter for Android</a>",Reply,,0,1,,,,,
1113413831902896129,Best Post of India.. https://t.co/UrEX1kt3ge,Alok Mishra Deaf 🇮🇳,alokdeaf143,2019-04-03T12:11:58.000Z,Wed Apr 03 12:11:58 +0000 2019,0,0,en,"<a href=""http://twitter.com/download/android"" rel=""nofollow"">Twitter for Android</a>",Tweet,,0,0,photo,https://pbs.twimg.com/media/D3Oj-KqU4AIDgmQ.jpg,,,
1113413546694467587,https://t.co/1TjV6Q8NuS,Alok Mishra Deaf 🇮🇳,alokdeaf143,2019-04-03T12:10:50.000Z,Wed Apr 03 12:10:50 +0000 2019,0,0,und,"<a href=""http://twitter.com/download/android"" rel=""nofollow"">Twitter for Android</a>",Tweet,https://m.facebook.com/story.php?story_fbid=306908893331555&id=174904956531950 ,0,0,,,,,
1101659652784181248,@narendramodi Back happy India..,Alok Mishra Deaf 🇮🇳,alokdeaf143,2019-03-02T01:45:03.000Z,Sat Mar 02 01:45:03 +0000 2019,0,0,en,"<a href=""http://twitter.com/download/android"" rel=""nofollow"">Twitter for Android</a>",Reply,,0,1,,,,,
1086579525025030146,@narendramodi Sir Good,Alok Mishra Deaf 🇮🇳,alokdeaf143,2019-01-19T11:02:01.000Z,Sat Jan 19 11:02:01 +0000 2019,0,0,en,"<a href=""http://twitter.com/download/android"" rel=""nofollow"">Twitter for Android</a>",Reply,,0,1,,,,,
1086577858980376577,@narendramodi Good,Alok Mishra Deaf 🇮🇳,alokdeaf143,2019-01-19T10:55:23.000Z,Sat Jan 19 10:55:23 +0000 2019,0,0,en,"<a href=""http://twitter.com/download/android"" rel=""nofollow"">Twitter for Android</a>",Reply,,0,1,,,,,
1086564437069185025,@KaisaAlanne Good,Alok Mishra Deaf 🇮🇳,alokdeaf143,2019-01-19T10:02:03.000Z,Sat Jan 19 10:02:03 +0000 2019,0,0,en,"<a href=""http://twitter.com/download/android"" rel=""nofollow"">Twitter for Android</a>",Reply,,0,1,,,,,
1068412586939437057,"Good Afternoon 

Visit Twitter 🤓",Alok Mishra Deaf 🇮🇳,alokdeaf143,2018-11-30T07:53:05.000Z,Fri Nov 30 07:53:05 +0000 2018,1,0,en,"<a href=""http://twitter.com/download/android"" rel=""nofollow"">Twitter for Android</a>",Tweet,,0,0,,,,,
657085439673765888,Happy Dussehra Day,Alok Mishra Deaf 🇮🇳,alokdeaf143,2015-10-22T06:45:51.000Z,Thu Oct 22 06:45:51 +0000 2015,2,0,en,"<a href=""http://twitter.com/download/android"" rel=""nofollow"">Twitter for Android</a>",Tweet,,0,0,,,,,
653922393241489408,RT @DeafAction : We’re pleased to invite you to attend the Deaf Action Annual Lecture which this year will be delivered by Dr... http://t.co/ceHnUe6T77,Alok Mishra Deaf 🇮🇳,alokdeaf143,2015-10-13T13:17:02.000Z,Tue Oct 13 13:17:02 +0000 2015,0,0,en,"<a href=""http://twitter.com/download/android"" rel=""nofollow"">Twitter for Android</a>",Retweet,http://fb.me/47siq4lmb ,0,0,,,,,
652433628962652160,RT @narendramodi : Incredible pictures from the Air Force Day celebrations. Valour of our air force is exceptionally remarkable. http://t.co/zeeXno8kHY,Alok Mishra Deaf 🇮🇳,alokdeaf143,2015-10-09T10:41:13.000Z,Fri Oct 09 10:41:13 +0000 2015,0,0,en,"<a href=""http://twitter.com/download/android"" rel=""nofollow"">Twitter for Android</a>",Retweet,,0,0,photo,https://pbs.twimg.com/media/CQzBQ_uUkAArV6o.jpg,https://pbs.twimg.com/media/CQzBQ__VEAAmdTD.jpg,https://pbs.twimg.com/media/CQzBRAKUAAA8Zgf.jpg,https://pbs.twimg.com/media/CQzBRGKUwAATAP6.jpg
652433503146147840,RT @behearddc : #DDBDDHH Youth Advocates are planning an awesome November #DeafEd Chat on #DeafIdentity! Join us on 5 Nov @ 7:30pET! http://t.co/UQFH5701C1,Alok Mishra Deaf 🇮🇳,alokdeaf143,2015-10-09T10:40:43.000Z,Fri Oct 09 10:40:43 +0000 2015,0,0,en,"<a href=""http://twitter.com/download/android"" rel=""nofollow"">Twitter for Android</a>",Retweet,,3,0,photo,https://pbs.twimg.com/media/CQ0JNgiWcAAuhQ2.jpg,,,
652433401434214401,"RT @AxisBank : Aanchal Aggarwal, founder of @TSRtalks, shares her success mantra! Watch: https://t.co/jhpsiwWD2I @SheThePeopleTV http://t.co/tqEAAFYlH9",Alok Mishra Deaf 🇮🇳,alokdeaf143,2015-10-09T10:40:19.000Z,Fri Oct 09 10:40:19 +0000 2015,0,0,en,"<a href=""http://twitter.com/download/android"" rel=""nofollow"">Twitter for Android</a>",Retweet,https://goo.gl/FCTBoE http://goo.gl/L7mm4V ,0,2,,,,,
644862028499189760,RT @mallikasherawat : Canada is Freezing!! http://t.co/GZCKXKhwxz,Alok Mishra Deaf 🇮🇳,alokdeaf143,2015-09-18T13:14:23.000Z,Fri Sep 18 13:14:23 +0000 2015,0,0,en,"<a href=""http://twitter.com/download/android"" rel=""nofollow"">Twitter for Android</a>",Retweet,,0,0,photo,https://pbs.twimg.com/media/Bc9QxyuIEAAvVy2.jpg,,,
644862013470961664,RT @mallikasherawat : Yellow is one of ma Fav colors:) http://t.co/22Lybt1Xvs,Alok Mishra Deaf 🇮🇳,alokdeaf143,2015-09-18T13:14:19.000Z,Fri Sep 18 13:14:19 +0000 2015,0,0,en,"<a href=""http://twitter.com/download/android"" rel=""nofollow"">Twitter for Android</a>",Retweet,,0,0,photo,https://pbs.twimg.com/media/BdDpnbVCUAAsw84.jpg,,,
644861990029004801,RT @sara_mcchesney : @GlideApp @iTylerHD @Sam_Oxx http://t.co/r3AGOUrLuZ,Alok Mishra Deaf 🇮🇳,alokdeaf143,2015-09-18T13:14:14.000Z,Fri Sep 18 13:14:14 +0000 2015,0,0,und,"<a href=""http://twitter.com/download/android"" rel=""nofollow"">Twitter for Android</a>",Retweet,,0,3,photo,https://pbs.twimg.com/media/B3JCUSkCUAAWCbF.jpg,,,
644861953916039168,RT @BarackObama : It's a beautiful world. Let's fight to protect it. http://t.co/DrBP5VCgr0,Alok Mishra Deaf 🇮🇳,alokdeaf143,2015-09-18T13:14:05.000Z,Fri Sep 18 13:14:05 +0000 2015,0,0,en,"<a href=""http://twitter.com/download/android"" rel=""nofollow"">Twitter for Android</a>",Retweet,,0,0,photo,https://pbs.twimg.com/media/COFnr-WWoAEabp3.jpg,,,
644860058749145088,@FarahKhanAli good..,Alok Mishra Deaf 🇮🇳,alokdeaf143,2015-09-18T13:06:33.000Z,Fri Sep 18 13:06:33 +0000 2015,0,0,en,"<a href=""http://twitter.com/download/android"" rel=""nofollow"">Twitter for Android</a>",Reply,,0,1,,,,,
643678214808731648,@MarkkuJokinen the same,Alok Mishra Deaf 🇮🇳,alokdeaf143,2015-09-15T06:50:20.000Z,Tue Sep 15 06:50:20 +0000 2015,0,0,en,"<a href=""http://twitter.com/download/android"" rel=""nofollow"">Twitter for Android</a>",Reply,,0,1,,,,,
639862639019978752,Good Pic... https://t.co/PyRkXmfIWx,Alok Mishra Deaf 🇮🇳,alokdeaf143,2015-09-04T18:08:35.000Z,Fri Sep 04 18:08:35 +0000 2015,0,0,en,"<a href=""http://twitter.com"" rel=""nofollow"">Twitter Web Client</a>",Tweet,https://twitter.com/WFDPresident/status/639238633824759808 ,0,0,,,,,
595217552734748672,I am Deaf.. for all Deaf Friendship...Dear..,Alok Mishra Deaf 🇮🇳,alokdeaf143,2015-05-04T13:24:57.000Z,Mon May 04 13:24:57 +0000 2015,0,0,en,"<a href=""http://twitter.com/download/android"" rel=""nofollow"">Twitter for Android</a>",Tweet,,0,0,,,,,
538508303374884864,RT @lizzyp8801 : Having fun at #playlistlive2014 with @GlideApp http://t.co/SYLXdQD1jC,Alok Mishra Deaf 🇮🇳,alokdeaf143,2014-11-29T01:42:39.000Z,Sat Nov 29 01:42:39 +0000 2014,0,0,en,"<a href=""http://twitter.com/download/android"" rel=""nofollow"">Twitter for Android</a>",Retweet,,1,1,photo,https://pbs.twimg.com/media/B3JBddDCAAA10aZ.jpg,,,
419433371421265920,@MallikaLA thanks...how r u...,Alok Mishra Deaf 🇮🇳,alokdeaf143,2014-01-04T11:41:23.000Z,Sat Jan 04 11:41:23 +0000 2014,0,0,en,"<a href=""http://twitter.com/download/android"" rel=""nofollow"">Twitter for Android</a>",Reply,,0,1,,,,,
419156803662774272,Hi...,Alok Mishra Deaf 🇮🇳,alokdeaf143,2014-01-03T17:22:24.000Z,Fri Jan 03 17:22:24 +0000 2014,0,0,und,"<a href=""http://twitter.com/download/android"" rel=""nofollow"">Twitter for Android</a>",Tweet,,0,0,,,,,
350317814109859840,floated cool.. http://t.co/jdhyKdHevb,Alok Mishra Deaf 🇮🇳,alokdeaf143,2013-06-27T18:20:50.000Z,Thu Jun 27 18:20:50 +0000 2013,1,0,en,"<a href=""http://twitter.com"" rel=""nofollow"">Twitter Web Client</a>",Tweet,,0,0,photo,https://pbs.twimg.com/media/BNyUMiTCcAAQ0rH.jpg,,,
350306382697869314,how is fun..:-) http://t.co/GukoPa2jI1,Alok Mishra Deaf 🇮🇳,alokdeaf143,2013-06-27T17:35:24.000Z,Thu Jun 27 17:35:24 +0000 2013,1,0,en,"<a href=""http://twitter.com"" rel=""nofollow"">Twitter Web Client</a>",Tweet,,0,0,photo,https://pbs.twimg.com/media/BNyJzI-CMAAbqBg.jpg,,,
227479844362010624,@edalinedesennaf love so u,Alok Mishra Deaf 🇮🇳,alokdeaf143,2012-07-23T19:06:35.000Z,Mon Jul 23 19:06:35 +0000 2012,0,0,en,"<a href=""http://www.samsungmobile.com"" rel=""nofollow"">Samsung Mobile</a>",Tweet,,0,1,,,,,
208972248676184064,"join me on @ooVoo video chat, I’m online now, lets ooVoo! 
http://t.co/22VEHPxF",Alok Mishra Deaf 🇮🇳,alokdeaf143,2012-06-02T17:24:01.000Z,Sat Jun 02 17:24:01 +0000 2012,0,0,en,"<a href=""http://www.oovoo.com"" rel=""nofollow"">ooVoo Video Chat Tweet Invite</a>",Tweet,http://www.oovoo.com/invite/3170/alokdeaf2266/-1 ,0,1,,,,,
103068981702823937,Ra.One Wrap Up Party | Box Office India - India's Premier Film Trade Portal http://t.co/2WJs1Q6,Alok Mishra Deaf 🇮🇳,alokdeaf143,2011-08-15T11:42:14.000Z,Mon Aug 15 11:42:14 +0000 2011,0,0,en,"<a href=""https://dev.twitter.com/docs/tfw"" rel=""nofollow"">Twitter for Websites</a>",Tweet,http://www.boxofficeindia.co.in/ra-one-wrap-up-party/ ,0,0,,,,,
68749222786236416,Shiba Inu Puppy Cam - SFShiba http://t.co/vSbHoQD,Alok Mishra Deaf 🇮🇳,alokdeaf143,2011-05-12T18:47:46.000Z,Thu May 12 18:47:46 +0000 2011,0,0,und,"<a href=""https://dev.twitter.com/docs/tfw"" rel=""nofollow"">Twitter for Websites</a>",Tweet,http://www.ustream.tv/sfshiba ,0,0,,,,,
49181862819676160,Quickest and easiest way to track the World Cup Schedule #cricbuzz #worldcup2011 #iccworldcup2011 http://t.co/imxSbCc,Alok Mishra Deaf 🇮🇳,alokdeaf143,2011-03-19T18:54:04.000Z,Sat Mar 19 18:54:04 +0000 2011,0,0,en,"<a href=""https://dev.twitter.com/docs/tfw"" rel=""nofollow"">Twitter for Websites</a>",Tweet,http://www.cricbuzz.com/cricket-schedule/series/228/icc-world-cup-2011 ,3,0,,,,,
48157612344213504,Check this video out -- dogs stuck together http://t.co/la3QPyt via @youtube,Alok Mishra Deaf 🇮🇳,alokdeaf143,2011-03-16T23:04:04.000Z,Wed Mar 16 23:04:04 +0000 2011,0,0,en,"<a href=""https://dev.twitter.com/docs/tfw"" rel=""nofollow"">Twitter for Websites</a>",Tweet,http://www.youtube.com/watch?v=pcmkFu-DAz4 ,0,1,,,,,
