Tweet Id,Text,Name,Screen Name,UTC,Created At,Favorites,Retweets,Language,Client,Tweet Type,URLs,Hashtags,Mentions,Media Type,Media URLs
1523702023920660481,@KanganaFP He shared that insensitivity amongst the society is restricting them to develop and hollow government policy is restricting them to be part of the society. 4% reservation in govt jobs is a mere formality 😞😞😞😞🙏🙏🙏🙏,Shubham tak,Shubham73661566,2022-05-09T16:30:46.000Z,Mon May 09 16:30:46 +0000 2022,0,0,en,"<a href=""http://twitter.com/download/android"" rel=""nofollow"">Twitter for Android</a>",Reply,,0,1,,
1523701772409221122,"@KanganaFP 
My friend Shubham who shares a talk about status of implementation of The Rights of Person with Disabilities Act, 2016 He shares a big gap between law &amp; reality#accessibleindia
#accesstojustice #rightsofdisabledpersonsinindia
#failedrpda2016
#rightsthroughsignlanguage",Shubham tak,Shubham73661566,2022-05-09T16:29:46.000Z,Mon May 09 16:29:46 +0000 2022,0,0,en,"<a href=""http://twitter.com/download/android"" rel=""nofollow"">Twitter for Android</a>",Tweet,,4,1,,
1523701116155834368,"@KanganaFP 
He shared that insensitivity amongst the society is restricting them to develop and hollow government policy is restricting them to be part of the society. 4% reservation in govt jobs is a mere formality.",Shubham tak,Shubham73661566,2022-05-09T16:27:09.000Z,Mon May 09 16:27:09 +0000 2022,0,0,en,"<a href=""http://twitter.com/download/android"" rel=""nofollow"">Twitter for Android</a>",Tweet,,0,1,,
1523700905987649536,@KanganaFP He shared that insensitivity amongst the society is restricting them to develop and hollow government policy is restricting them to be part of the society. 4% reservation in govt jobs is a mere formality.,Shubham tak,Shubham73661566,2022-05-09T16:26:19.000Z,Mon May 09 16:26:19 +0000 2022,0,0,en,"<a href=""http://twitter.com/download/android"" rel=""nofollow"">Twitter for Android</a>",Reply,,0,1,,
1523700725745733633,"My friend Shubham who shares a talk about status of implementation of The Rights of Persons with Disabilities Act, 2016. He shares a big gap between law and reality.#accessibleindia
#accesstojustice #rightsofdisabledpersonsinindia
#failedrpda2016 #rightsthroughsignlanguage https://t.co/CWNYH4HzCp",Shubham tak,Shubham73661566,2022-05-09T16:25:36.000Z,Mon May 09 16:25:36 +0000 2022,0,0,en,"<a href=""http://twitter.com/download/android"" rel=""nofollow"">Twitter for Android</a>",Tweet,https://twitter.com/ThaAjitD_/status/1522886898473046019 ,5,0,,
1523700543041900544,He shared that insensitivity amongst the society is restricting them to develop and hollow government policy is restricting them to be part of the society. 4% reservation in govt jobs is a mere formality. https://t.co/CWNYH4HzCp,Shubham tak,Shubham73661566,2022-05-09T16:24:53.000Z,Mon May 09 16:24:53 +0000 2022,0,0,en,"<a href=""http://twitter.com/download/android"" rel=""nofollow"">Twitter for Android</a>",Tweet,https://twitter.com/ThaAjitD_/status/1522886898473046019 ,0,0,,
1523700418064228352,"@KanganaFP it's  shares a talk about status of implementation of The Rights of Persons with Disabilities Act, 2016. He shares a big gap between law and reality",Shubham tak,Shubham73661566,2022-05-09T16:24:23.000Z,Mon May 09 16:24:23 +0000 2022,0,0,en,"<a href=""http://twitter.com/download/android"" rel=""nofollow"">Twitter for Android</a>",Reply,,0,1,,
1523700040920838145,@KanganaFP He shared that insensitivity amongst the society is restricting them to develop and hollow government policy is restricting them to be part of the society. 4% reservation in govt jobs is a mere formality.,Shubham tak,Shubham73661566,2022-05-09T16:22:53.000Z,Mon May 09 16:22:53 +0000 2022,0,0,en,"<a href=""http://twitter.com/download/android"" rel=""nofollow"">Twitter for Android</a>",Reply,,0,1,,
1523699834653315073,He shared that insensitivity amongst the society is restricting them to develop and hollow government policy is restricting them to be part of the society. 4% reservation in govt jobs is a mere formality. https://t.co/RXryYiQKuC,Shubham tak,Shubham73661566,2022-05-09T16:22:04.000Z,Mon May 09 16:22:04 +0000 2022,0,0,en,"<a href=""http://twitter.com/download/android"" rel=""nofollow"">Twitter for Android</a>",Tweet,https://twitter.com/KanganaFP/status/1523287084479533057 ,0,0,,
1522612773091373056,"RT @ShirlyPinto : איזו שנה משמעותית הייתה לנו! 
ממשלה מתפקדת, העברת התקציב ויותר מהכל -
קידום אמיתי של אנשים עם מוגבלויות. 

קבלו את העשייה שלי איתכם ב80 שניות! https://t.co/5Rx6wI2KD1",Shubham tak,Shubham73661566,2022-05-06T16:22:28.000Z,Fri May 06 16:22:28 +0000 2022,0,0,iw,"<a href=""http://twitter.com/download/android"" rel=""nofollow"">Twitter for Android</a>",Retweet,,0,0,video,https://video.twimg.com/ext_tw_video/1478053689701113858/pu/vid/640x360/CBs4D0DktSX3AzF7.mp4?tag=12
1521425729853919234,RT @RahulDeaf143 : @deolirajesh Good keep,Shubham tak,Shubham73661566,2022-05-03T09:45:35.000Z,Tue May 03 09:45:35 +0000 2022,0,0,en,"<a href=""http://twitter.com/download/android"" rel=""nofollow"">Twitter for Android</a>",Retweet,,0,1,,
1521425722559975427,RT @DEVRAJRAGHUWA14 : @deolirajesh right ✅ good,Shubham tak,Shubham73661566,2022-05-03T09:45:33.000Z,Tue May 03 09:45:33 +0000 2022,0,0,en,"<a href=""http://twitter.com/download/android"" rel=""nofollow"">Twitter for Android</a>",Retweet,,0,1,,
1521425689244684288,RT @FarukhK30519628 : @deolirajesh I support you,Shubham tak,Shubham73661566,2022-05-03T09:45:25.000Z,Tue May 03 09:45:25 +0000 2022,0,0,en,"<a href=""http://twitter.com/download/android"" rel=""nofollow"">Twitter for Android</a>",Retweet,,0,1,,
1521425672576462848,"RT @FarukhK30519628 : @deolirajesh I'm a deaf, 100%",Shubham tak,Shubham73661566,2022-05-03T09:45:21.000Z,Tue May 03 09:45:21 +0000 2022,0,0,en,"<a href=""http://twitter.com/download/android"" rel=""nofollow"">Twitter for Android</a>",Retweet,,0,1,,
1521425513805279232,"RT @NiluDwivedi8 : @deolirajesh The RPWD Act, 2016 provides that “the appropriate Government shall ensure that the PWD enjoy the right to equality, life with dignity, and respect for his or her own integrity equally with others.” The Government is to take steps to utilize the capacity  of the PWD by  Dismissin",Shubham tak,Shubham73661566,2022-05-03T09:44:43.000Z,Tue May 03 09:44:43 +0000 2022,0,0,en,"<a href=""http://twitter.com/download/android"" rel=""nofollow"">Twitter for Android</a>",Retweet,,0,1,,
1521425495157448705,"RT @FarukhK30519628 : @deolirajesh I am from farukh khan who shares a talk about status of implementation of The Rights of Persons with Disabilities Act, 2016. He shares a big gap between law and reality. #accessibleindia
#accesstojustice #rightsofdisabledpersonsinindia
#failedrpda2016 #rightsthroughsignlanguage",Shubham tak,Shubham73661566,2022-05-03T09:44:39.000Z,Tue May 03 09:44:39 +0000 2022,0,0,en,"<a href=""http://twitter.com/download/android"" rel=""nofollow"">Twitter for Android</a>",Retweet,,5,1,,
1521425431815020544,RT @Dr_Matthew_O_V : @deolirajesh I am Dr. Matthew and a deaf person from Malaysia. I am a part of the Law Firm. If an Indian wants to broke a rule of the law. The Indian government and chief judge should against them attend a prison. He is my best friend. He always asks me to help him to write it down. Thanks,Shubham tak,Shubham73661566,2022-05-03T09:44:24.000Z,Tue May 03 09:44:24 +0000 2022,0,0,en,"<a href=""http://twitter.com/download/android"" rel=""nofollow"">Twitter for Android</a>",Retweet,,0,1,,
1521425420465307649,RT @RahulDeaf143 : @deolirajesh Yes. I agreed it.,Shubham tak,Shubham73661566,2022-05-03T09:44:21.000Z,Tue May 03 09:44:21 +0000 2022,0,0,en,"<a href=""http://twitter.com/download/android"" rel=""nofollow"">Twitter for Android</a>",Retweet,,0,1,,
1521425409916628992,RT @DEVRAJRAGHUWA14 : @deolirajesh He shared that insensitivity amongst the society is restricting them to develop and hollow government policy is restricting them to be part of the society. 4% reservation in govt jobs is a mere formality.,Shubham tak,Shubham73661566,2022-05-03T09:44:19.000Z,Tue May 03 09:44:19 +0000 2022,0,0,en,"<a href=""http://twitter.com/download/android"" rel=""nofollow"">Twitter for Android</a>",Retweet,,0,1,,
1521425397203693568,RT @FarukhK30519628 : @Dr_Matthew_O_V @deolirajesh I am farukh and a deaf person from India I am a part of the Law Firm. If an Indian wants to broke a rule of the law. The Indian government and chief judge should against them attend a prison. He is my best friend. He always asks me to help him to write it down. Thanks,Shubham tak,Shubham73661566,2022-05-03T09:44:16.000Z,Tue May 03 09:44:16 +0000 2022,0,0,en,"<a href=""http://twitter.com/download/android"" rel=""nofollow"">Twitter for Android</a>",Retweet,,0,2,,
1521149995700785152,@Dr_Matthew_O_V https://t.co/9cyT2Fm6Y5,Shubham tak,Shubham73661566,2022-05-02T15:29:55.000Z,Mon May 02 15:29:55 +0000 2022,0,0,und,"<a href=""http://twitter.com/download/android"" rel=""nofollow"">Twitter for Android</a>",Reply,,0,1,photo,https://pbs.twimg.com/media/FRw12-QUUAA0pRD.jpg
1521144890217820161,@Dr_Matthew_O_V,Shubham tak,Shubham73661566,2022-05-02T15:09:37.000Z,Mon May 02 15:09:37 +0000 2022,0,0,und,"<a href=""http://twitter.com/download/android"" rel=""nofollow"">Twitter for Android</a>",Tweet,,0,1,,
1519221862051377152,"RT @HarshRa25405341 : @deolirajesh My friend Shubham who shares a talk about status of implementation of The Rights of Persons with Disabilities Act, 2016. He shares a big gap between law and reality. #accessibleindia
#accesstojustice #rightsofdisabledpersonsinindia
#failedrpda2016 #rightsthroughsignlanguage",Shubham tak,Shubham73661566,2022-04-27T07:48:12.000Z,Wed Apr 27 07:48:12 +0000 2022,0,0,en,"<a href=""http://twitter.com/download/android"" rel=""nofollow"">Twitter for Android</a>",Retweet,,5,1,,
1519000187930173441,RT @deolirajesh : He shared that insensitivity amongst the society is restricting them to develop and hollow government policy is restricting them to be part of the society. 4% reservation in govt jobs is a mere formality.,Shubham tak,Shubham73661566,2022-04-26T17:07:21.000Z,Tue Apr 26 17:07:21 +0000 2022,0,0,en,"<a href=""http://twitter.com/download/android"" rel=""nofollow"">Twitter for Android</a>",Retweet,,0,0,,
1519000177809367040,"RT @Shubham73661566 : @deolirajesh I was given an interview,I was being talked about in the interview, there was no interference, he said that someone with 40% percent will be taken,why we for hundred percent people Why justice is not being done and why interpreters are not being kept everywhere,
#PMOIndia https://t.co/a01vMC3uZw",Shubham tak,Shubham73661566,2022-04-26T17:07:18.000Z,Tue Apr 26 17:07:18 +0000 2022,0,0,en,"<a href=""http://twitter.com/download/android"" rel=""nofollow"">Twitter for Android</a>",Retweet,,1,1,photo,https://pbs.twimg.com/media/FRMhKRLUUAIl9aK.jpg
1519000162084945924,"RT @Chancha82004240 : @Shubham73661566 @deolirajesh Firstly you &amp; ur other deaf friends should raise ur demand in association secondly deaf people should use interpreter every where they need like hospital, govt office, exams, interview etc.",Shubham tak,Shubham73661566,2022-04-26T17:07:14.000Z,Tue Apr 26 17:07:14 +0000 2022,0,0,en,"<a href=""http://twitter.com/download/android"" rel=""nofollow"">Twitter for Android</a>",Retweet,,0,2,,
1519000150391148544,"RT @SahooSheelu : @deolirajesh My friend who shares a talk about status of implementation of The Rights Of Person with Disabilities Act,2016, He shares a big gap between 
law and reality.
#accessibleindia 
#accesstojustice
#rightofdisabledpersonsinindia
#failedrpda2016
#rightsthroughsignlanguage",Shubham tak,Shubham73661566,2022-04-26T17:07:12.000Z,Tue Apr 26 17:07:12 +0000 2022,0,0,en,"<a href=""http://twitter.com/download/android"" rel=""nofollow"">Twitter for Android</a>",Retweet,,5,1,,
1519000137514639367,"RT @PreeteshKumarP1 : @deolirajesh Here is an information poster related to Fundamental Rights under the Indian Constitution and some highlighted points in Healthcare and Accessibility for Media from the RPWD 2016 Act. 

Here is a link to the video explaining your Rights:
#Humanitydeaf #indiasignlanguage",Shubham tak,Shubham73661566,2022-04-26T17:07:09.000Z,Tue Apr 26 17:07:09 +0000 2022,0,0,en,"<a href=""http://twitter.com/download/android"" rel=""nofollow"">Twitter for Android</a>",Retweet,,2,1,,
1519000036561940480,"RT @NiluDwivedi8 : @deolirajesh Dismissing an employee for disability-related absences. ... 
Reasonable adjustments during redundancy process. ... 
Failing to consider suitable alternative employment. ... 
Giving negative verbal references or withdrawing job offers.
Shubham Sharma Bhopal: Right",Shubham tak,Shubham73661566,2022-04-26T17:06:45.000Z,Tue Apr 26 17:06:45 +0000 2022,0,0,en,"<a href=""http://twitter.com/download/android"" rel=""nofollow"">Twitter for Android</a>",Retweet,,0,1,,
1519000015972175872,"RT @Shubham73661566 : @deolirajesh #accessibleindia 
#accesstojustice 
#rightsofdisabledpersonsinindia 
#failedrpda2016
#rightsthroughsignlanguage 
#PMOIndia 
#signlanguage https://t.co/IvrNviYbj7",Shubham tak,Shubham73661566,2022-04-26T17:06:40.000Z,Tue Apr 26 17:06:40 +0000 2022,0,0,und,"<a href=""http://twitter.com/download/android"" rel=""nofollow"">Twitter for Android</a>",Retweet,,7,1,photo,https://pbs.twimg.com/media/FRMjQJxVUAUmf-K.jpg
1519000002307055617,RT @Shubham73661566 : @deolirajesh https://t.co/0GIrqKQDMu,Shubham tak,Shubham73661566,2022-04-26T17:06:36.000Z,Tue Apr 26 17:06:36 +0000 2022,0,0,und,"<a href=""http://twitter.com/download/android"" rel=""nofollow"">Twitter for Android</a>",Retweet,,0,1,video,https://video.twimg.com/ext_tw_video/1518874016383070208/pu/vid/320x580/0qBqVkKOQL4V1Dc5.mp4?tag=12
1518999939421941760,"RT @Shubham73661566 : @deolirajesh #accessibleindian 
#accesstojustice 
#rightsofdisabliledperonsinindia 
#failedrpda2016
#rightsthroughsignlanguage 
#PMOIndia 
#PMO https://t.co/hOUEYAfRum",Shubham tak,Shubham73661566,2022-04-26T17:06:21.000Z,Tue Apr 26 17:06:21 +0000 2022,0,0,und,"<a href=""http://twitter.com/download/android"" rel=""nofollow"">Twitter for Android</a>",Retweet,,7,1,video,https://video.twimg.com/ext_tw_video/1518872013292523520/pu/vid/352x640/or3imruqAOcXdjMQ.mp4?tag=12
1518999913794719744,"RT @DrJavedAlam3 : @deolirajesh My friend shubham who shares a talk about status of implementation of The Rights Of Person with Disabilities Act,2016, He shares a big gap between 
law and reality.
#accessibleindia 
#accesstojustice
#rightofdisabledpersonsinindia
#failedrpda2016
#rightsthroughsignlanguage",Shubham tak,Shubham73661566,2022-04-26T17:06:15.000Z,Tue Apr 26 17:06:15 +0000 2022,0,0,en,"<a href=""http://twitter.com/download/android"" rel=""nofollow"">Twitter for Android</a>",Retweet,,5,1,,
1518999906609876992,"RT @ShikhaG71431545 : @deolirajesh My friend shikha who shares a talk about status of implementation of The Rights Of Person with Disabilities Act,2016, He shares a big gap between 
law and reality.
#accessibleindia 
#accesstojustice
#rightofdisabledpersonsinindia
#failedrpda2016
#rightsthroughsignlanguage",Shubham tak,Shubham73661566,2022-04-26T17:06:14.000Z,Tue Apr 26 17:06:14 +0000 2022,0,0,en,"<a href=""http://twitter.com/download/android"" rel=""nofollow"">Twitter for Android</a>",Retweet,,5,1,,
1518999895058763776,RT @Vaishna26368998 : @deolirajesh Super to you,Shubham tak,Shubham73661566,2022-04-26T17:06:11.000Z,Tue Apr 26 17:06:11 +0000 2022,0,0,en,"<a href=""http://twitter.com/download/android"" rel=""nofollow"">Twitter for Android</a>",Retweet,,0,1,,
1518999881423024129,RT @UbedMansuri12 : @deolirajesh https://t.co/MqjluZBbVw,Shubham tak,Shubham73661566,2022-04-26T17:06:08.000Z,Tue Apr 26 17:06:08 +0000 2022,0,0,und,"<a href=""http://twitter.com/download/android"" rel=""nofollow"">Twitter for Android</a>",Retweet,https://twitter.com/deolirajesh/status/1518515387700486144?s=19 ,0,1,,
1518999867623763968,RT @Balveer59503650 : @deolirajesh Support 🙏,Shubham tak,Shubham73661566,2022-04-26T17:06:04.000Z,Tue Apr 26 17:06:04 +0000 2022,0,0,en,"<a href=""http://twitter.com/download/android"" rel=""nofollow"">Twitter for Android</a>",Retweet,,0,1,,
1518999859038068736,"RT @Vaishna26368998 : @deolirajesh My friend Shubham who shares a talk about status of implementation of The Rights of Persons with Disabilities Act, 2016. He shares a big gap between law and reality. #accessibleindia
#accesstojustice #rightsofdisabledpersonsinindia
#failedrpda2016 #rightsthroughsignlanguage",Shubham tak,Shubham73661566,2022-04-26T17:06:02.000Z,Tue Apr 26 17:06:02 +0000 2022,0,0,en,"<a href=""http://twitter.com/download/android"" rel=""nofollow"">Twitter for Android</a>",Retweet,,5,1,,
1518978012229763074,"RT @WFDeaf_org : The4⃣th International Conference focuses on Inclusive Education. The aim is to share knowledge and to empower our members to enhance the quality of learning through sign languages. We have over 100 participants from 40 different countries.🌐
➡️https://t.co/Gem2NPp8yT",Shubham tak,Shubham73661566,2022-04-26T15:39:14.000Z,Tue Apr 26 15:39:14 +0000 2022,0,0,en,"<a href=""http://twitter.com/download/android"" rel=""nofollow"">Twitter for Android</a>",Retweet,https://vimeo.com/702745154/71d6d1ac12 ,0,0,,
1518976140152434688,Yes i agreed https://t.co/tdoQ16d74s,Shubham tak,Shubham73661566,2022-04-26T15:31:47.000Z,Tue Apr 26 15:31:47 +0000 2022,0,0,en,"<a href=""http://twitter.com/download/android"" rel=""nofollow"">Twitter for Android</a>",Tweet,https://twitter.com/jaganashok1996/status/1518975136464252929 ,0,0,,
1518874361414885376,@deolirajesh https://t.co/0GIrqKQDMu,Shubham tak,Shubham73661566,2022-04-26T08:47:21.000Z,Tue Apr 26 08:47:21 +0000 2022,6,2,und,"<a href=""http://twitter.com/download/android"" rel=""nofollow"">Twitter for Android</a>",Reply,,0,1,video,https://video.twimg.com/ext_tw_video/1518874016383070208/pu/vid/320x580/0qBqVkKOQL4V1Dc5.mp4?tag=12
1518872511080919040,"@deolirajesh #accessibleindian 
#accesstojustice 
#rightsofdisabliledperonsinindia 
#failedrpda2016
#rightsthroughsignlanguage 
#PMOIndia 
#PMO https://t.co/hOUEYAfRum",Shubham tak,Shubham73661566,2022-04-26T08:40:00.000Z,Tue Apr 26 08:40:00 +0000 2022,3,2,und,"<a href=""http://twitter.com/download/android"" rel=""nofollow"">Twitter for Android</a>",Reply,,7,1,video,https://video.twimg.com/ext_tw_video/1518872013292523520/pu/vid/352x640/or3imruqAOcXdjMQ.mp4?tag=12
1518687102602387456,@narendramodi https://t.co/QQADiR0eGQ,Shubham tak,Shubham73661566,2022-04-25T20:23:15.000Z,Mon Apr 25 20:23:15 +0000 2022,0,0,und,"<a href=""http://twitter.com/download/android"" rel=""nofollow"">Twitter for Android</a>",Reply,,0,1,photo,https://pbs.twimg.com/media/FRN123pVgAAVwF-.jpg
1518665088466444288,"@Chancha82004240 @deolirajesh Please can your write on Twitter share, 🙏🙏🙏",Shubham tak,Shubham73661566,2022-04-25T18:55:47.000Z,Mon Apr 25 18:55:47 +0000 2022,1,0,en,"<a href=""http://twitter.com/download/android"" rel=""nofollow"">Twitter for Android</a>",Reply,,0,2,,
1518664894593191936,"@Chancha82004240 @deolirajesh It is not available but get strong RPWD Act 2016, he shared that insensitivity among society is restricting them to develop and hollow policy of government is restricting them to be part of society, 4 in government jobs  4% Reservation is just a formality",Shubham tak,Shubham73661566,2022-04-25T18:55:00.000Z,Mon Apr 25 18:55:00 +0000 2022,1,0,en,"<a href=""http://twitter.com/download/android"" rel=""nofollow"">Twitter for Android</a>",Reply,,0,2,,
1518649679352721409,"RT @deolirajesh : My friend Shubham who shares a talk about status of implementation of The Rights of Persons with Disabilities Act, 2016. He shares a big gap between law and reality. #accessibleindia
#accesstojustice #rightsofdisabledpersonsinindia
#failedrpda2016 #rightsthroughsignlanguage https://t.co/xCvRSfLOJZ",Shubham tak,Shubham73661566,2022-04-25T17:54:33.000Z,Mon Apr 25 17:54:33 +0000 2022,0,0,en,"<a href=""http://twitter.com/download/android"" rel=""nofollow"">Twitter for Android</a>",Retweet,,5,0,video,https://video.twimg.com/ext_tw_video/1518514571971264514/pu/vid/240x424/WQt2l-MunDBYXU7h.mp4?tag=12
1518596270419365888,"@deolirajesh #accessibleindia 
#accesstojustice 
#rightsofdisabledpersonsinindia 
#failedrpda2016
#rightsthroughsignlanguage 
#PMOIndia 
#signlanguage https://t.co/IvrNviYbj7",Shubham tak,Shubham73661566,2022-04-25T14:22:19.000Z,Mon Apr 25 14:22:19 +0000 2022,6,2,und,"<a href=""http://twitter.com/download/android"" rel=""nofollow"">Twitter for Android</a>",Reply,,7,1,photo,https://pbs.twimg.com/media/FRMjQJxVUAUmf-K.jpg
1518593972184125440,"@deolirajesh I was given an interview,I was being talked about in the interview, there was no interference, he said that someone with 40% percent will be taken,why we for hundred percent people Why justice is not being done and why interpreters are not being kept everywhere,
#PMOIndia https://t.co/a01vMC3uZw",Shubham tak,Shubham73661566,2022-04-25T14:13:11.000Z,Mon Apr 25 14:13:11 +0000 2022,5,2,en,"<a href=""http://twitter.com/download/android"" rel=""nofollow"">Twitter for Android</a>",Reply,,1,1,photo,https://pbs.twimg.com/media/FRMhKRLUUAIl9aK.jpg
